INSERT INTO USUARIOS VALUES ('1' , 'ADMIN' , 'D' , 'ADMIN');
INSERT INTO USUARIOS VALUES ('2' , 'PEPE' , 'P' , 'PEPE');
INSERT INTO USUARIOS VALUES ('3' , 'LUIS' , 'P' , 'LUIS');
INSERT INTO USUARIOS VALUES ('4' , 'PACO' , 'P' , 'PACO');
INSERT INTO USUARIOS VALUES ('5' , 'JOSE MANUEL' , 'P' , 'JOSE');
INSERT INTO USUARIOS VALUES ('6' , 'RUBEN' , 'A' , 'RUBEN');
INSERT INTO USUARIOS VALUES ('7' , 'ANTONIO' , 'A' , 'ANTONIO');
------------------------------------------
INSERT INTO PROFESORES VALUES ('2' , 'PEPE' , 'DPTO. INFORMÁTICA');
INSERT INTO PROFESORES VALUES ('3' , 'LUIS' , 'DPTO. INFORMÁTICA');
INSERT INTO PROFESORES VALUES ('4' , 'PACO' , 'DPTO. INFORMÁTICA');
INSERT INTO PROFESORES VALUES ('5' , 'JOSE MANUEL' , 'DPTO. NI IDEA');
------------------------------------------
INSERT INTO ALUMNOS VALUES ('6' , 'RUBEN' , '2ºDAM');
INSERT INTO ALUMNOS VALUES ('7' , 'ANTONIO' , '2ºDAW');
------------------------------------------
--INSERT INTO ASIGNATURAS VALUES (ccodasig , ccodprof , cnomasig )
INSERT INTO ASIGNATURAS VALUES ('ACDAT', 'Acceso datos', '2' );
INSERT INTO ASIGNATURAS VALUES ('DEINT', 'Des. interfaces' , '3');
INSERT INTO ASIGNATURAS VALUES ('EINEM', 'Empresa e Iniciativa Emprendedora', '5' );
INSERT INTO ASIGNATURAS VALUES ('FCT', 'Formación en Centros de Trabajo', '3' );
INSERT INTO ASIGNATURAS VALUES ('HLC', 'Horas de Libre Configuración', '2' );
INSERT INTO ASIGNATURAS VALUES ('PMDMO', 'Programación multimedia y dispositivos móviles' , '4');
INSERT INTO ASIGNATURAS VALUES ('PSPRO', 'Programación de servicios y procesos', '4' );
INSERT INTO ASIGNATURAS VALUES ('SGEMP' , 'Sistemas de gestión empresarial' , '3' );
------------------------------------------
--INSERT INTO MATRICULAS VALUES (ccodalu , ccodasig );
--
INSERT INTO MATRICULAS VALUES ('6' , 'ACDAT' );
INSERT INTO MATRICULAS VALUES ('6' , 'DEINT' );
INSERT INTO MATRICULAS VALUES ('6' , 'EINEM' );
INSERT INTO MATRICULAS VALUES ('6' , 'FCT' );
INSERT INTO MATRICULAS VALUES ('6' , 'HLC' );
INSERT INTO MATRICULAS VALUES ('6' , 'PMDMO' );
INSERT INTO MATRICULAS VALUES ('6' , 'PSPRO' );
INSERT INTO MATRICULAS VALUES ('6' , 'SGEMP' );
--
INSERT INTO MATRICULAS VALUES ('7' , 'ACDAT' );
INSERT INTO MATRICULAS VALUES ('7' , 'DEINT' );
INSERT INTO MATRICULAS VALUES ('7' , 'EINEM' );
INSERT INTO MATRICULAS VALUES ('7' , 'FCT' );
INSERT INTO MATRICULAS VALUES ('7' , 'HLC' );
INSERT INTO MATRICULAS VALUES ('7' , 'PMDMO' );
INSERT INTO MATRICULAS VALUES ('7' , 'PSPRO' );
INSERT INTO MATRICULAS VALUES ('7' , 'SGEMP' );--

---------------------------------------
--INSERT INTO EXPEDIENTES VALUES (ccodalu , ccodasig , curso , evaluac , nota );
INSERT INTO EXPEDIENTES VALUES ('6' , 'ACDAT' , '2018' , '1' , 10 );
INSERT INTO EXPEDIENTES VALUES ('6' , 'DEINT' , '2018' , '1' , 10 );
INSERT INTO EXPEDIENTES VALUES ('6' , 'EINEM' , '2018' , '1' , 10 );
INSERT INTO EXPEDIENTES VALUES ('6' , 'FCT' , '2018' , '1' , 10 );
INSERT INTO EXPEDIENTES VALUES ('6' , 'HLC' , '2018' , '1' , 10 );
INSERT INTO EXPEDIENTES VALUES ('6' , 'PMDMO' , '2018' , '1' , 10 );
INSERT INTO EXPEDIENTES VALUES ('6' , 'PSPRO' , '2018' , '1' , 10 );
INSERT INTO EXPEDIENTES VALUES ('6' , 'SGEMP' , '2018' , '1' , 10 );
--
INSERT INTO EXPEDIENTES VALUES ('7' , 'ACDAT' , '2018' , '1' , 3 );
INSERT INTO EXPEDIENTES VALUES ('7' , 'DEINT' , '2018' , '1' , 4 );
INSERT INTO EXPEDIENTES VALUES ('7' , 'EINEM' , '2018' , '1' , 5 );
INSERT INTO EXPEDIENTES VALUES ('7' , 'FCT' , '2018' , '1' , 6 );
INSERT INTO EXPEDIENTES VALUES ('7' , 'HLC' , '2018' , '1' , 5 );
INSERT INTO EXPEDIENTES VALUES ('7' , 'PMDMO' , '2018' , '1' , 4 );
INSERT INTO EXPEDIENTES VALUES ('7' , 'PSPRO' , '2018' , '1' , 2 );
INSERT INTO EXPEDIENTES VALUES ('7' , 'SGEMP' , '2018' , '1' , 1 );

COMMIT;


SELECT * FROM USUARIOS WHERE CNOMUSU = 'ADMIN'